name,ghs
AV 1,d29
AV 1 O,d29
AV 10,d29
AV 10 O,d29
AV 11,d29
AV 11 O,d29
AV 11A,d29
AV 11A O,d29
AV 12,d29
AV 12 O,d29
AV 14 O,d29
AV 14A O,d29
AV 15 O,d29
AV 2,d29
AV 2 Bis,d29
AV 2 Bis O,d29
AV 2 O,d29
AV 2A,d29
AV 2A Bis,d29
AV 2A1,d29
AV 2A2,d29
AV 2A3,d29
AV 2A4,d29
AV 2A5,d29
AV 2A6,d29
AV 2B,d29
AV 2B1,d29
AV 2B2,d29
AV 2B3,d29
AV 2B4,d29
AV 2B5,d29
AV 2B6,d29
AV 2C,d29
AV 2D,d29
AV 2E,d29
AV 2F,d29
AV 2G,d29
AV 2H,d29
AV 2I,d29
AV 3,d29
AV 3 Bis,d29
AV 3 Bis O,d29
AV 3 O,d29
AV 3A,d29
AV 3A Bis,d29
AV 3A O,d29
AV 3B,d29
AV 3B Bis,d29
AV 3C,d29
AV 3D,d29
AV 3E,d29
AV 3F,d29
AV 3G,d29
AV 3H,d29
AV 3I,d29
AV 4,d29
AV 4 1 Bis O,d29
AV 4 2 Bis O,d29
AV 4 Bis,d29
AV 4 Bis 2 O,d29
AV 4 Bis O,d29
AV 4 O,d29
AV 4A,d29
AV 4A Bis,d29
AV 4A Bis O,d29
AV 4A O,d29
AV 4B,d29
AV 4B O,d29
AV 4C O,d29
AV 5,d29
AV 5 Bis O,d29
AV 5 O,d29
AV 5A,d29
AV 5A O,d29
AV 5B,d29
AV 5B O,d29
AV 5C,d29
AV 5C O,d29
AV 5D O,d29
AV 5E O,d29
AV 6,d29
AV 6 Bis,d29
AV 6 Bis O,d29
AV 6 O,d29
AV 6A,d29
AV 6A Bis,d29
AV 6A Bis O,d29
AV 6A O,d29
AV 6B,d29
AV 6C,d29
AV 6D,d29
AV 6E,d29
AV 6F,d29
AV 7,d29
AV 7 Bis O,d29
AV 7 O,d29
AV 7A,d29
AV 7A O,d29
AV 7B O,d29
AV 7C,d29
AV 7C O,d29
AV 8,d29
AV 8 Bis O,d29
AV 8 O,d29
AV 8A,d29
AV 8A Bis,d29
AV 8A Bis O,d29
AV 8A O,d29
AV 8B,d29
AV 8B O,d29
AV 8C O,d29
AV 8D O,d29
AV 8E O,d29
AV 9,d29
AV 9 O,d29
AV 9A,d29
AV 9A O,d29
AV 9B,d29
AV 9B O,d29
AV 9C O,d29
AV De Los Carboneros,d29
AV De Los Cerros,d29
AV Del Saman,d29
AV El Picacho,d29
AV Jorge Garces B.,d29
AV Las Palmeras,d29
AV Los Andes,d29
AV Palmeras,d29
CL 1,d29
CL 1 Bis,d29
CL 1 Bis O,d29
CL 1 O,d29
CL 10,d29
CL 10 Bis,d29
CL 10 Bis O,d29
CL 10 N,d29
CL 10 O,d29
CL 100,d29
CL 100A,d29
CL 100B,d29
CL 100C,d29
CL 100D,d29
CL 100E,d29
CL 101,d29
CL 101A,d29
CL 101B,d29
CL 101C,d29
CL 101D,d29
CL 101E,d29
CL 102,d29
CL 102A,d29
CL 102B,d29
CL 102C,d29
CL 102D,d29
CL 102E,d29
CL 102F,d29
CL 102G,d29
CL 102H,d29
CL 103,d29
CL 103A,d29
CL 103B,d29
CL 103C,d29
CL 104,d29
CL 105,d29
CL 106,d29
CL 107,d29
CL 107A,d29
CL 107B,d29
CL 107C,d29
CL 108,d29
CL 108A,d29
CL 109,d29
CL 10A,d29
CL 10A Bis,d29
CL 10A O,d29
CL 10A1,d29
CL 10B,d29
CL 11,d29
CL 11 Bis O,d29
CL 11 O,d29
CL 110,d29
CL 111,d29
CL 112,d29
CL 112A,d29
CL 112B,d29
CL 113,d29
CL 113A,d29
CL 114,d29
CL 115,d29
CL 115A,d29
CL 115B,d29
CL 116,d29
CL 116A,d29
CL 117,d29
CL 118,d29
CL 119,d29
CL 119A,d29
CL 11A,d29
CL 11A Bis O,d29
CL 11A O,d29
CL 11B,d29
CL 11B Bis,d29
CL 11B O,d29
CL 11C O,d29
CL 12,d29
CL 12 N,d29
CL 12 O,d29
CL 120,d29
CL 120A,d29
CL 120B,d29
CL 120C,d29
CL 120D,d29
CL 120E,d29
CL 120F,d29
CL 120G,d29
CL 120H,d29
CL 120I,d29
CL 120J,d29
CL 120K,d29
CL 120L,d29
CL 120M,d29
CL 120P,d29
CL 120Q,d29
CL 121,d29
CL 121 Bis,d29
CL 121A,d29
CL 121B,d29
CL 121C,d29
CL 121C Bis,d29
CL 121D,d29
CL 121E,d29
CL 122,d29
CL 122 Bis,d29
CL 122A,d29
CL 122A1,d29
CL 122B,d29
CL 122C,d29
CL 122D,d29
CL 122D Bis,d29
CL 122E,d29
CL 122F,d29
CL 122F Bis,d29
CL 122G,d29
CL 122G1,d29
CL 122G2,d29
CL 122H,d29
CL 122I,d29
CL 122J,d29
CL 122K,d29
CL 123,d29
CL 123 Bis,d29
CL 123A,d29
CL 123A1,d29
CL 123A2,d29
CL 123A3,d29
CL 123A4,d29
CL 123B,d29
CL 123C,d29
CL 123D,d29
CL 124,d29
CL 124A,d29
CL 124B,d29
CL 124B Bis,d29
CL 124C,d29
CL 124C1,d29
CL 125,d29
CL 125 Bis,d29
CL 125A,d29
CL 125B,d29
CL 125C,d29
CL 125D,d29
CL 125E,d29
CL 126,d29
CL 12A,d29
CL 12A Bis,d29
CL 12A N,d29
CL 12A O,d29
CL 12B,d29
CL 12B O,d29
CL 12C,d29
CL 12C Bis O,d29
CL 12C O,d29
CL 12D O,d29
CL 12E Bis O,d29
CL 12E O,d29
CL 12F O,d29
CL 13,d29
CL 13 Bis,d29
CL 13 Bis O,d29
CL 13 N,d29
CL 13 O,d29
CL 13A,d29
CL 13A Bis,d29
CL 13A O,d29
CL 13A1,d29
CL 13B,d29
CL 13B O,d29
CL 13B1,d29
CL 13C,d29
CL 13D,d29
CL 13E,d29
CL 13F,d29
CL 13G,d29
CL 14,d29
CL 14 N,d29
CL 14 O,d29
CL 14A,d29
CL 14A O,d29
CL 14B,d29
CL 14C,d29
CL 14D,d29
CL 14E,d29
CL 15,d29
CL 15 Bis,d29
CL 15 N,d29
CL 15 O,d29
CL 15A,d29
CL 15A N,d29
CL 15A O,d29
CL 15B,d29
CL 15B N,d29
CL 16,d29
CL 16 N,d29
CL 16 O,d29
CL 16A,d29
CL 16A O,d29
CL 16B,d29
CL 16E O,d29
CL 17,d29
CL 17 N,d29
CL 17 O,d29
CL 17A,d29
CL 17A N,d29
CL 17A O,d29
CL 17B,d29
CL 17B O,d29
CL 18,d29
CL 18 Bis,d29
CL 18 N,d29
CL 18 O,d29
CL 18A,d29
CL 18A O,d29
CL 18B,d29
CL 18B O,d29
CL 18C,d29
CL 18C O,d29
CL 18D,d29
CL 18E,d29
CL 18F,d29
CL 19,d29
CL 19 2 O,d29
CL 19 Bis O,d29
CL 19 N,d29
CL 19 O,d29
CL 19A,d29
CL 19A Bis O,d29
CL 19A O,d29
CL 19B,d29
CL 19B Bis O,d29
CL 19B O,d29
CL 19C O,d29
CL 1A,d29
CL 1A Bis,d29
CL 1A Bis O,d29
CL 1A O,d29
CL 1A1,d29
CL 1A1 O,d29
CL 1A2,d29
CL 1A2 O,d29
CL 1A3 O,d29
CL 1B,d29
CL 1B Bis,d29
CL 1B O,d29
CL 1B1,d29
CL 1B2,d29
CL 1C,d29
CL 1C Bis,d29
CL 1C O,d29
CL 1D,d29
CL 1D O,d29
CL 1E,d29
CL 1E O,d29
CL 1F,d29
CL 1F O,d29
CL 2,d29
CL 2 Bis,d29
CL 2 Bis O,d29
CL 2 O,d29
CL 20,d29
CL 20 N,d29
CL 20 O,d29
CL 20A,d29
CL 20A O,d29
CL 20A1 O,d29
CL 20A2 O,d29
CL 20A3 O,d29
CL 20B O,d29
CL 20C O,d29
CL 20D Bis O,d29
CL 20D O,d29
CL 21,d29
CL 21 N,d29
CL 21 O,d29
CL 21A Bis O,d29
CL 21A O,d29
CL 21B O,d29
CL 22,d29
CL 22 Bis N,d29
CL 22 Bis O,d29
CL 22 N,d29
CL 22 O,d29
CL 22A,d29
CL 22A N,d29
CL 22A O,d29
CL 22B,d29
CL 22B O,d29
CL 22C O,d29
CL 22D O,d29
CL 23,d29
CL 23 N,d29
CL 23 O,d29
CL 23A,d29
CL 23A N,d29
CL 23A O,d29
CL 23B,d29
CL 23B N,d29
CL 23B O,d29
CL 23C N,d29
CL 23C O,d29
CL 23D N,d29
CL 23D O,d29
CL 24,d29
CL 24 N,d29
CL 24 O,d29
CL 24A,d29
CL 24A N,d29
CL 24A O,d29
CL 24B O,d29
CL 24C O,d29
CL 25,d29
CL 25 Bis,d29
CL 25 N,d29
CL 25 O,d29
CL 25A,d29
CL 25A N,d29
CL 25A O,d29
CL 25B O,d29
CL 26,d29
CL 26 N,d29
CL 26 O,d29
CL 26A,d29
CL 26A O,d29
CL 26B,d29
CL 26C,d29
CL 26D,d29
CL 26E,d29
CL 26E O,d29
CL 27,d29
CL 27 N,d29
CL 27 O,d29
CL 27A,d29
CL 27B,d29
CL 28,d29
CL 28 N,d29
CL 28 O,d29
CL 28A,d29
CL 28A O,d29
CL 28B,d29
CL 28B O,d29
CL 28E,d29
CL 29,d29
CL 29 Bis O,d29
CL 29 N,d29
CL 29 O,d29
CL 29A,d29
CL 29A N,d29
CL 29A O,d29
CL 29B Bis O,d29
CL 29B O,d29
CL 29C O,d29
CL 2A,d29
CL 2A Bis,d29
CL 2A Bis O,d29
CL 2A O,d29
CL 2B,d29
CL 2B Bis O,d29
CL 2B O,d29
CL 2B1,d29
CL 2B1 O,d29
CL 2B2 O,d29
CL 2C,d29
CL 2C Bis,d29
CL 2C O,d29
CL 2C1 O,d29
CL 2C2 O,d29
CL 2C3 O,d29
CL 2C4 O,d29
CL 2D,d29
CL 2D O,d29
CL 2E,d29
CL 2E O,d29
CL 2F O,d29
CL 3,d29
CL 3 Bis,d29
CL 3 Bis O,d29
CL 3 O,d29
CL 30,d29
CL 30 N,d29
CL 30 O,d29
CL 30A,d29
CL 30A O,d29
CL 30B,d29
CL 30B O,d29
CL 30C,d29
CL 30C O,d29
CL 30D,d29
CL 30D O,d29
CL 30E O,d29
CL 31,d29
CL 31 N,d29
CL 31 O,d29
CL 31A,d29
CL 31A O,d29
CL 31B,d29
CL 32,d29
CL 32 N,d29
CL 32 O,d29
CL 32A,d29
CL 32A N,d29
CL 32A O,d29
CL 32B,d29
CL 33,d29
CL 33 N,d29
CL 33 O,d29
CL 33A,d29
CL 33A N,d29
CL 33A O,d29
CL 33B,d29
CL 33B O,d29
CL 33C,d29
CL 33D,d29
CL 33E,d29
CL 33F,d29
CL 33G,d29
CL 33H,d29
CL 34,d29
CL 34 N,d29
CL 34 O,d29
CL 34A,d29
CL 34A N,d29
CL 34B,d29
CL 34C,d29
CL 35,d29
CL 35 N,d29
CL 35 O,d29
CL 35A,d29
CL 35A N,d29
CL 35B,d29
CL 35C,d29
CL 35D,d29
CL 35E,d29
CL 36,d29
CL 36 N,d29
CL 36A,d29
CL 36A N,d29
CL 37,d29
CL 37 N,d29
CL 37 O,d29
CL 37A,d29
CL 37A N,d29
CL 37B N,d29
CL 38,d29
CL 38 N,d29
CL 38 O,d29
CL 38A,d29
CL 38A N,d29
CL 38B,d29
CL 39,d29
CL 39 N,d29
CL 39 O,d29
CL 39A,d29
CL 3A,d29
CL 3A O,d29
CL 3B,d29
CL 3B O,d29
CL 3C,d29
CL 3C O,d29
CL 3D,d29
CL 3D O,d29
CL 3E,d29
CL 3F,d29
CL 4,d29
CL 4 N,d29
CL 4 O,d29
CL 40,d29
CL 40 N,d29
CL 40A,d29
CL 41,d29
CL 41 N,d29
CL 41 O,d29
CL 41A,d29
CL 41B O,d29
CL 42,d29
CL 42 Bis,d29
CL 42 N,d29
CL 42 O,d29
CL 42A,d29
CL 42B,d29
CL 42C,d29
CL 42D,d29
CL 42E,d29
CL 42F,d29
CL 43,d29
CL 43 N,d29
CL 43 O,d29
CL 43A,d29
CL 43B,d29
CL 44,d29
CL 44 1,d29
CL 44 2,d29
CL 44 Bis,d29
CL 44 N,d29
CL 44 O,d29
CL 44A,d29
CL 44A N,d29
CL 44A1,d29
CL 44A2,d29
CL 44B,d29
CL 44B N,d29
CL 45,d29
CL 45 N,d29
CL 45 O,d29
CL 45A,d29
CL 45B,d29
CL 45C,d29
CL 46,d29
CL 46 1,d29
CL 46 Bis,d29
CL 46 N,d29
CL 46A,d29
CL 46A Bis,d29
CL 46A O,d29
CL 46B,d29
CL 46B Bis,d29
CL 46B O,d29
CL 46C,d29
CL 46D,d29
CL 47,d29
CL 47 N,d29
CL 47 O,d29
CL 47A,d29
CL 47A N,d29
CL 47A O,d29
CL 47B N,d29
CL 47B O,d29
CL 47C N,d29
CL 48,d29
CL 48 2,d29
CL 48 Bis,d29
CL 48 N,d29
CL 48 O,d29
CL 48A,d29
CL 48A O,d29
CL 48B,d29
CL 48B O,d29
CL 49,d29
CL 49 N,d29
CL 49 O,d29
CL 49A,d29
CL 49B,d29
CL 49B O,d29
CL 49C,d29
CL 4A,d29
CL 4A O,d29
CL 4B,d29
CL 4B O,d29
CL 4C,d29
CL 4C O,d29
CL 4D,d29
CL 4E,d29
CL 5,d29
CL 5 N,d29
CL 5 O,d29
CL 50,d29
CL 50 N,d29
CL 50 O,d29
CL 50A,d29
CL 51,d29
CL 51 N,d29
CL 51A,d29
CL 51B,d29
CL 52,d29
CL 52 N,d29
CL 52A,d29
CL 52A Bis,d29
CL 52A N,d29
CL 52B,d29
CL 52B N,d29
CL 53,d29
CL 53 N,d29
CL 53A,d29
CL 53A N,d29
CL 53B,d29
CL 53B N,d29
CL 53C N,d29
CL 53D,d29
CL 53N,d29
CL 54,d29
CL 54 N,d29
CL 54A,d29
CL 54A Bis,d29
CL 54A N,d29
CL 54B,d29
CL 54C,d29
CL 54D,d29
CL 54E,d29
CL 55,d29
CL 55 Bis,d29
CL 55 N,d29
CL 55A,d29
CL 55A N,d29
CL 55B,d29
CL 55B N,d29
CL 55C,d29
CL 56,d29
CL 56 N,d29
CL 56A,d29
CL 56A N,d29
CL 56B,d29
CL 56C,d29
CL 56D,d29
CL 56E,d29
CL 56F,d29
CL 56F1,d29
CL 56G,d29
CL 56H,d29
CL 56I,d29
CL 56J,d29
CL 56K,d29
CL 57,d29
CL 57 N,d29
CL 57A,d29
CL 57A N,d29
CL 57B,d29
CL 57B N,d29
CL 57C,d29
CL 58,d29
CL 58 1,d29
CL 58 2,d29
CL 58 N,d29
CL 58A,d29
CL 58A1,d29
CL 58A2,d29
CL 58B,d29
CL 58C,d29
CL 58C Bis,d29
CL 58D,d29
CL 59,d29
CL 59 N,d29
CL 59A,d29
CL 59A N,d29
CL 59B,d29
CL 59B Bis,d29
CL 59C,d29
CL 59C Bis,d29
CL 59D,d29
CL 59D Bis,d29
CL 5A,d29
CL 5A O,d29
CL 5B,d29
CL 5B O,d29
CL 5B1,d29
CL 5B2,d29
CL 5B3,d29
CL 5B3 Bis,d29
CL 5B4,d29
CL 5B5,d29
CL 5C,d29
CL 5C O,d29
CL 5D,d29
CL 5D O,d29
CL 5E,d29
CL 5F,d29
CL 6,d29
CL 6 N,d29
CL 6 O,d29
CL 60,d29
CL 60 Bis,d29
CL 60 N,d29
CL 60A,d29
CL 60A Bis,d29
CL 60B,d29
CL 60C,d29
CL 60D,d29
CL 61,d29
CL 61 Bis,d29
CL 61 N,d29
CL 61A,d29
CL 61A N,d29
CL 61B,d29
CL 61C,d29
CL 62,d29
CL 62 Bis,d29
CL 62 N,d29
CL 62A,d29
CL 62A N,d29
CL 62B,d29
CL 63,d29
CL 63 N,d29
CL 63A,d29
CL 63B,d29
CL 63C,d29
CL 64,d29
CL 64 N,d29
CL 64A,d29
CL 64B,d29
CL 65,d29
CL 65A,d29
CL 65B,d29
CL 66,d29
CL 66A,d29
CL 67,d29
CL 67 N,d29
CL 67A,d29
CL 68,d29
CL 68A,d29
CL 69,d29
CL 69A,d29
CL 69B,d29
CL 69C,d29
CL 6A,d29
CL 6A Bis O,d29
CL 6A O,d29
CL 6B,d29
CL 6B Bis O,d29
CL 6B O,d29
CL 6C Bis,d29
CL 6C O,d29
CL 6D O,d29
CL 6E O,d29
CL 6F O,d29
CL 6G Bis,d29
CL 6G Bis O,d29
CL 6G O,d29
CL 6H O,d29
CL 7,d29
CL 7 Bis O,d29
CL 7 N,d29
CL 7 O,d29
CL 70,d29
CL 70 Bis,d29
CL 70 N,d29
CL 70A,d29
CL 70A Bis,d29
CL 70B,d29
CL 70C,d29
CL 70D,d29
CL 71,d29
CL 71 1 Bis,d29
CL 71 Bis,d29
CL 71A,d29
CL 71B,d29
CL 71C,d29
CL 71D,d29
CL 71E,d29
CL 71F,d29
CL 71G,d29
CL 71H,d29
CL 71H1,d29
CL 71I,d29
CL 71I1,d29
CL 71I2,d29
CL 71J,d29
CL 71K,d29
CL 72,d29
CL 72 1,d29
CL 72 2,d29
CL 72 Bis,d29
CL 72 I,d29
CL 72 K,d29
CL 72 M,d29
CL 72 N,d29
CL 72 P,d29
CL 72 W1,d29
CL 72A,d29
CL 72A Bis,d29
CL 72A N,d29
CL 72A1,d29
CL 72A2,d29
CL 72B,d29
CL 72B N,d29
CL 72C,d29
CL 72D,d29
CL 72E,d29
CL 72F,d29
CL 72F1,d29
CL 72F2,d29
CL 72F2 Bis,d29
CL 72F3,d29
CL 72F4,d29
CL 72F5,d29
CL 72G,d29
CL 72H,d29
CL 72I,d29
CL 72J,d29
CL 72K,d29
CL 72L,d29
CL 72L1,d29
CL 72L2,d29
CL 72L3,d29
CL 72M,d29
CL 72N,d29
CL 72O,d29
CL 72P,d29
CL 72P1,d29
CL 72P2,d29
CL 72Q,d29
CL 72R,d29
CL 72S,d29
CL 72S Bis,d29
CL 72S1,d29
CL 72S2,d29
CL 72T,d29
CL 72T1,d29
CL 72T2,d29
CL 72U,d29
CL 72U1,d29
CL 72V,d29
CL 72W,d29
CL 72W1,d29
CL 72W2,d29
CL 72X,d29
CL 72X1,d29
CL 72Y,d29
CL 72Z,d29
CL 72Z1,d29
CL 72Z2,d29
CL 72Z3,d29
CL 73,d29
CL 73 1,d29
CL 73 2,d29
CL 73 Bis,d29
CL 73 Bis N,d29
CL 73 N,d29
CL 73A,d29
CL 73A N,d29
CL 73B,d29
CL 73B N,d29
CL 73C N,d29
CL 74,d29
CL 74 N,d29
CL 74A,d29
CL 74A N,d29
CL 74B N,d29
CL 74C N,d29
CL 75,d29
CL 75 1,d29
CL 75 N,d29
CL 75A N,d29
CL 75B,d29
CL 75B N,d29
CL 75C Bis N,d29
CL 75C N,d29
CL 75D N,d29
CL 75E N,d29
CL 75H N,d29
CL 76,d29
CL 76A,d29
CL 77,d29
CL 77 Bis,d29
CL 77A,d29
CL 77B,d29
CL 78,d29
CL 78A,d29
CL 78B,d29
CL 78C,d29
CL 79,d29
CL 79A,d29
CL 79B,d29
CL 79C,d29
CL 79D,d29
CL 79E,d29
CL 7A,d29
CL 7A O,d29
CL 8,d29
CL 8 Bis O,d29
CL 8 N,d29
CL 8 O,d29
CL 80,d29
CL 80 Bis,d29
CL 80A,d29
CL 80B,d29
CL 80C,d29
CL 80D,d29
CL 80D1,d29
CL 80D2,d29
CL 80D3,d29
CL 80E,d29
CL 80F,d29
CL 81,d29
CL 81A,d29
CL 81B,d29
CL 81C,d29
CL 81D,d29
CL 82,d29
CL 82A,d29
CL 82B,d29
CL 82C,d29
CL 82D,d29
CL 83,d29
CL 83A,d29
CL 83B,d29
CL 83C,d29
CL 83D,d29
CL 83E,d29
CL 83F,d29
CL 84,d29
CL 84A,d29
CL 84B,d29
CL 84C,d29
CL 85,d29
CL 85A,d29
CL 86,d29
CL 86A,d29
CL 86B,d29
CL 87,d29
CL 87A,d29
CL 88,d29
CL 89,d29
CL 89A,d29
CL 8A,d29
CL 8A O,d29
CL 8B,d29
CL 8B O,d29
CL 8C,d29
CL 8D O,d29
CL 8F,d29
CL 8G,d29
CL 8H,d29
CL 9,d29
CL 9 N,d29
CL 9 O,d29
CL 90,d29
CL 90A,d29
CL 90B,d29
CL 90C,d29
CL 91,d29
CL 92,d29
CL 93,d29
CL 94,d29
CL 94A,d29
CL 94A1,d29
CL 94B,d29
CL 94C,d29
CL 95,d29
CL 96,d29
CL 96A,d29
CL 97,d29
CL 98,d29
CL 98A,d29
CL 98B,d29
CL 98C,d29
CL 99,d29
CL 99A,d29
CL 99B,d29
CL 99C,d29
CL 99D,d29
CL 9A,d29
CL 9A O,d29
CL 9B,d29
CL 9B O,d29
CL 9C,d29
CL 9D,d29
CL 9E,d29
CL 9F,d29
Callejon De La Cabana,d29
Callejon De Los Pericos,d29
Callejon Del Charquito,d29
Callejon Del Chiminanco,d29
Callejon Del Guadual,d29
Callejon Del Medallon,d29
Callejon Del Puente,d29
Callejon El Caracol,d29
Callejon El Mirador,d29
Callejon El Rodadero,d29
Callejon El Tobogan,d29
Callejon La Canada,d29
Callejon La Choclona,d29
Callejon La Colina,d29
Callejon La Granja,d29
Callejon Los Cerros,d29
Callejon Los Yarumos,d29
Callejon Maria Bonita,d29
Cl 122A,d29
DG 108,d29
DG 109,d29
DG 110,d29
DG 119,d29
DG 12,d29
DG 13,d29
DG 14,d29
DG 14 O,d29
DG 15,d29
DG 15 O,d29
DG 16,d29
DG 17,d29
DG 17H,d29
DG 18,d29
DG 18A,d29
DG 18B,d29
DG 19,d29
DG 1B,d29
DG 20,d29
DG 21,d29
DG 22,d29
DG 23,d29
DG 24,d29
DG 24A,d29
DG 24B,d29
DG 24C,d29
DG 25,d29
DG 26,d29
DG 26B,d29
DG 26B1,d29
DG 26B2,d29
DG 26B3,d29
DG 26C,d29
DG 26C1,d29
DG 26C2,d29
DG 26D,d29
DG 26E,d29
DG 26F,d29
DG 26F1,d29
DG 26G,d29
DG 26G1,d29
DG 26G10,d29
DG 26G11,d29
DG 26G12,d29
DG 26G2,d29
DG 26G3,d29
DG 26G4,d29
DG 26G5,d29
DG 26G6,d29
DG 26G7,d29
DG 26G8,d29
DG 26G9,d29
DG 26H,d29
DG 26H1,d29
DG 26H2,d29
DG 26H3,d29
DG 26H4,d29
DG 26I,d29
DG 26I1,d29
DG 26I2,d29
DG 26I3,d29
DG 26J,d29
DG 26K,d29
DG 26M,d29
DG 26N,d29
DG 26O,d29
DG 26P,d29
DG 26P1,d29
DG 26P10,d29
DG 26P11,d29
DG 26P12,d29
DG 26P13,d29
DG 26P14,d29
DG 26P15,d29
DG 26P16,d29
DG 26P17,d29
DG 26P18,d29
DG 26P19,d29
DG 26P2,d29
DG 26P20,d29
DG 26P21,d29
DG 26P23,d29
DG 26P3,d29
DG 26P4,d29
DG 26P5,d29
DG 26P6,d29
DG 26P7,d29
DG 26P8,d29
DG 26P9,d29
DG 27A,d29
DG 28,d29
DG 28A,d29
DG 28B,d29
DG 28C,d29
DG 28D,d29
DG 28D1,d29
DG 28D2,d29
DG 28D3,d29
DG 28D4,d29
DG 28D5,d29
DG 28D6,d29
DG 28D7,d29
DG 28E,d29
DG 28E Bis,d29
DG 28F,d29
DG 29,d29
DG 29A,d29
DG 29B,d29
DG 2A,d29
DG 30,d29
DG 30A,d29
DG 31,d29
DG 32,d29
DG 32A,d29
DG 32B,d29
DG 33,d29
DG 37,d29
DG 37A,d29
DG 38,d29
DG 38A,d29
DG 39,d29
DG 41,d29
DG 42,d29
DG 44,d29
DG 45,d29
DG 45A,d29
DG 46,d29
DG 47,d29
DG 48,d29
DG 49 O,d29
DG 49A O,d29
DG 50,d29
DG 50 O,d29
DG 51,d29
DG 51A,d29
DG 52,d29
DG 53,d29
DG 58,d29
DG 65,d29
DG 66,d29
DG 7 N,d29
DG 70,d29
DG 70A,d29
DG 70A1,d29
DG 70A2,d29
DG 70A3,d29
DG 70A4,d29
DG 70B,d29
DG 70B1,d29
DG 70B2,d29
DG 70C,d29
DG 70D,d29
DG 70E,d29
DG 70F,d29
DG 70G,d29
DG 71,d29
DG 71A,d29
DG 71A1,d29
DG 71B,d29
DG 71B1,d29
DG 71C,d29
DG 71C1,d29
DG 72,d29
DG 72A,d29
DG 72A1,d29
DG 72B,d29
DG 72C,d29
DG 72D,d29
DG 72E,d29
DG 72E Bis,d29
DG 72F,d29
El Callejoncito,d29
KR 1,d29
KR 1 Bis,d29
KR 10,d29
KR 100,d29
KR 100A,d29
KR 100B,d29
KR 101,d29
KR 101A,d29
KR 101B,d29
KR 102,d29
KR 103,d29
KR 104,d29
KR 105,d29
KR 106,d29
KR 106A,d29
KR 107,d29
KR 108,d29
KR 109,d29
KR 10A,d29
KR 11,d29
KR 11 1,d29
KR 11 Bis,d29
KR 110,d29
KR 111,d29
KR 112,d29
KR 112A,d29
KR 112B,d29
KR 113,d29
KR 113 Bis,d29
KR 113A,d29
KR 114,d29
KR 115,d29
KR 115A,d29
KR 116,d29
KR 117,d29
KR 118,d29
KR 119,d29
KR 11A,d29
KR 11B,d29
KR 11C,d29
KR 11D,d29
KR 11E,d29
KR 11F,d29
KR 11G,d29
KR 11H,d29
KR 12,d29
KR 12 Bis,d29
KR 120,d29
KR 121,d29
KR 121 Bis,d29
KR 121A,d29
KR 121B,d29
KR 121C,d29
KR 122,d29
KR 122B,d29
KR 123,d29
KR 124,d29
KR 124A,d29
KR 125,d29
KR 125 Bis,d29
KR 125A,d29
KR 126,d29
KR 126B,d29
KR 127,d29
KR 127A,d29
KR 127B,d29
KR 127C,d29
KR 128,d29
KR 12A,d29
KR 12A Bis,d29
KR 12B,d29
KR 12C,d29
KR 12D,d29
KR 12D Bis,d29
KR 12E,d29
KR 13,d29
KR 13A,d29
KR 13B,d29
KR 13G,d29
KR 14,d29
KR 14A,d29
KR 14B,d29
KR 15,d29
KR 15A,d29
KR 16,d29
KR 16A,d29
KR 17,d29
KR 17 Bis,d29
KR 17A,d29
KR 17B,d29
KR 17B1,d29
KR 17C,d29
KR 17D,d29
KR 17D1,d29
KR 17E,d29
KR 17F,d29
KR 17F1,d29
KR 17F2,d29
KR 17G,d29
KR 17H,d29
KR 18,d29
KR 18A,d29
KR 18B,d29
KR 19,d29
KR 19A,d29
KR 1A,d29
KR 1A 1A,d29
KR 1A 2A,d29
KR 1A 2B,d29
KR 1A 2C,d29
KR 1A 4A,d29
KR 1A 4A Bis,d29
KR 1A 4B,d29
KR 1A 4B Bis,d29
KR 1A 4C,d29
KR 1A 4D,d29
KR 1A 4D Bis,d29
KR 1A 5A,d29
KR 1A 5A Bis,d29
KR 1A 5B,d29
KR 1A 5C,d29
KR 1A 5C Bis,d29
KR 1A 5D,d29
KR 1A 5E,d29
KR 1A 5E Bis,d29
KR 1A 5F,d29
KR 1A 5F Bis,d29
KR 1A Bis,d29
KR 1A N,d29
KR 1A1,d29
KR 1A10,d29
KR 1A10 Bis,d29
KR 1A11,d29
KR 1A12,d29
KR 1A13,d29
KR 1A14,d29
KR 1A15,d29
KR 1A2,d29
KR 1A3,d29
KR 1A4,d29
KR 1A5,d29
KR 1A5 1,d29
KR 1A5 2,d29
KR 1A5 3,d29
KR 1A5 4,d29
KR 1A5 5,d29
KR 1A5 Bis,d29
KR 1A6,d29
KR 1A7,d29
KR 1A7 Bis,d29
KR 1A8,d29
KR 1A8 Bis,d29
KR 1A9,d29
KR 1A9 Bis,d29
KR 1B,d29
KR 1B Bis,d29
KR 1B N,d29
KR 1B1,d29
KR 1B2,d29
KR 1B3,d29
KR 1B4,d29
KR 1C,d29
KR 1C Bis,d29
KR 1C N,d29
KR 1C1,d29
KR 1C1 Bis,d29
KR 1C2,d29
KR 1C2 Bis,d29
KR 1C3,d29
KR 1C3 Bis,d29
KR 1C4,d29
KR 1C5,d29
KR 1D,d29
KR 1D 1A,d29
KR 1D 1B,d29
KR 1D Bis,d29
KR 1D N,d29
KR 1D1,d29
KR 1D2,d29
KR 1E,d29
KR 1E Bis,d29
KR 1E N,d29
KR 1F,d29
KR 1F N,d29
KR 1G,d29
KR 1G Bis,d29
KR 1G N,d29
KR 1H,d29
KR 1H Bis,d29
KR 1H N,d29
KR 1I,d29
KR 1I Bis,d29
KR 1I N,d29
KR 1J,d29
KR 1J Bis,d29
KR 1J N,d29
KR 1K,d29
KR 1K Bis,d29
KR 1K N,d29
KR 1L N,d29
KR 1M,d29
KR 1M N,d29
KR 1N,d29
KR 2,d29
KR 2 Bis,d29
KR 2 Bis N,d29
KR 2 N,d29
KR 20,d29
KR 20A,d29
KR 21,d29
KR 21A,d29
KR 21B,d29
KR 22,d29
KR 22A,d29
KR 22A Bis,d29
KR 22B,d29
KR 22B Bis,d29
KR 23,d29
KR 23 Bis,d29
KR 23A,d29
KR 23B,d29
KR 23C,d29
KR 23D,d29
KR 24,d29
KR 24 Bis,d29
KR 24A,d29
KR 24A1,d29
KR 24B,d29
KR 24B1,d29
KR 24B2,d29
KR 24B3,d29
KR 24B4,d29
KR 24B5,d29
KR 24C,d29
KR 24C Bis,d29
KR 24D,d29
KR 24E,d29
KR 24F,d29
KR 24F1,d29
KR 24F2,d29
KR 24F3,d29
KR 24F4,d29
KR 24G,d29
KR 24H,d29
KR 24I,d29
KR 24J,d29
KR 24K,d29
KR 24L,d29
KR 24M,d29
KR 24P,d29
KR 24Q,d29
KR 24R,d29
KR 24S,d29
KR 25,d29
KR 25 Bis,d29
KR 25A,d29
KR 25A Bis,d29
KR 25B,d29
KR 25B Bis,d29
KR 25C,d29
KR 25C Bis,d29
KR 25D,d29
KR 25E,d29
KR 25F,d29
KR 25G,d29
KR 25H,d29
KR 25L,d29
KR 25M,d29
KR 25P,d29
KR 25Q,d29
KR 25R,d29
KR 25S,d29
KR 25T,d29
KR 25U,d29
KR 26,d29
KR 26 Bis,d29
KR 26A,d29
KR 26A Bis,d29
KR 26A1,d29
KR 26A2,d29
KR 26A3,d29
KR 26B,d29
KR 26B Bis,d29
KR 26B1,d29
KR 26B2,d29
KR 26B3,d29
KR 26C,d29
KR 26C Bis,d29
KR 26C1,d29
KR 26C2,d29
KR 26D,d29
KR 26D Bis,d29
KR 26D1,d29
KR 26E,d29
KR 26E Bis,d29
KR 26E1,d29
KR 26F,d29
KR 26F Bis,d29
KR 26F1,d29
KR 26G,d29
KR 26G1,d29
KR 26G2,d29
KR 26G3,d29
KR 26G4,d29
KR 26G5,d29
KR 26G6,d29
KR 26G7,d29
KR 26H,d29
KR 26H Bis,d29
KR 26H1,d29
KR 26H2,d29
KR 26H3,d29
KR 26H4,d29
KR 26H5,d29
KR 26I,d29
KR 26I Bis,d29
KR 26I1,d29
KR 26I2,d29
KR 26I3,d29
KR 26I4,d29
KR 26I5,d29
KR 26I6,d29
KR 26I7,d29
KR 26I8,d29
KR 26J,d29
KR 26J1,d29
KR 26J2,d29
KR 26J3,d29
KR 26J4,d29
KR 26K,d29
KR 26K1,d29
KR 26K2,d29
KR 26L,d29
KR 26L1,d29
KR 26L2,d29
KR 26M,d29
KR 26M1,d29
KR 26M2,d29
KR 26M3,d29
KR 26M4,d29
KR 26M5,d29
KR 26M6,d29
KR 26N,d29
KR 26O,d29
KR 26O1,d29
KR 26P,d29
KR 26P1,d29
KR 26Q,d29
KR 26R,d29
KR 26R1,d29
KR 26S,d29
KR 26T,d29
KR 26U,d29
KR 26ÃƒÆ’Ã¢â‚¬Ëœ,d29
KR 27,d29
KR 27A,d29
KR 27A1,d29
KR 27B,d29
KR 27C,d29
KR 27D,d29
KR 27D1,d29
KR 27E,d29
KR 27F,d29
KR 27G,d29
KR 27H,d29
KR 27I,d29
KR 27J,d29
KR 28,d29
KR 28 1,d29
KR 28 2,d29
KR 28 3,d29
KR 28 4,d29
KR 28 Bis,d29
KR 28A,d29
KR 28A Bis,d29
KR 28A1,d29
KR 28B,d29
KR 28B1,d29
KR 28B2,d29
KR 28C,d29
KR 28C Bis,d29
KR 28C1,d29
KR 28C11,d29
KR 28C2,d29
KR 28C3,d29
KR 28C4,d29
KR 28C5,d29
KR 28C6,d29
KR 28C7,d29
KR 28C8,d29
KR 28D,d29
KR 28D1,d29
KR 28D10,d29
KR 28D11,d29
KR 28D12,d29
KR 28D2,d29
KR 28D2 Bis,d29
KR 28D3,d29
KR 28D3 Bis,d29
KR 28D4,d29
KR 28D5,d29
KR 28D6,d29
KR 28D7,d29
KR 28D8,d29
KR 28D9,d29
KR 28E,d29
KR 28E 3A,d29
KR 28E 3B,d29
KR 28E Bis,d29
KR 28E1,d29
KR 28E2,d29
KR 28E3,d29
KR 28E4,d29
KR 28E5,d29
KR 28E6,d29
KR 28E7,d29
KR 28E8,d29
KR 28F,d29
KR 28F1,d29
KR 28F2,d29
KR 28F3,d29
KR 28F4,d29
KR 28F5,d29
KR 28F6,d29
KR 28G,d29
KR 28G1,d29
KR 28G2,d29
KR 28G3,d29
KR 28G4,d29
KR 28G5,d29
KR 28H,d29
KR 28I,d29
KR 28J,d29
KR 29,d29
KR 29 Bis,d29
KR 29A,d29
KR 29A Bis,d29
KR 29A1,d29
KR 29A2,d29
KR 29A3,d29
KR 29A4,d29
KR 29B,d29
KR 29C,d29
KR 29D,d29
KR 2A,d29
KR 2A N,d29
KR 2A1,d29
KR 2B,d29
KR 2B N,d29
KR 2B1,d29
KR 2C,d29
KR 2C Bis,d29
KR 2D,d29
KR 2E,d29
KR 2E1,d29
KR 2F,d29
KR 2G,d29
KR 3,d29
KR 3 1 N,d29
KR 3 2 N,d29
KR 3 Bis,d29
KR 3 N,d29
KR 30,d29
KR 30A,d29
KR 30B,d29
KR 30C,d29
KR 30D,d29
KR 31,d29
KR 31A,d29
KR 31B,d29
KR 32,d29
KR 32 Bis,d29
KR 32A,d29
KR 32A Bis,d29
KR 32B,d29
KR 32C,d29
KR 33,d29
KR 33A,d29
KR 33B,d29
KR 33B Bis,d29
KR 33B2,d29
KR 33C,d29
KR 33D,d29
KR 34,d29
KR 34A,d29
KR 35,d29
KR 35A,d29
KR 36,d29
KR 36A,d29
KR 36A Bis,d29
KR 36B,d29
KR 36C,d29
KR 37,d29
KR 37 2 Bis,d29
KR 37 Bis,d29
KR 37A,d29
KR 38,d29
KR 38 Bis,d29
KR 38A,d29
KR 38B,d29
KR 38C,d29
KR 38C Bis,d29
KR 38C2,d29
KR 38D,d29
KR 38E,d29
KR 39,d29
KR 39A,d29
KR 39B,d29
KR 39C,d29
KR 39D,d29
KR 39E,d29
KR 39F,d29
KR 39G,d29
KR 39H,d29
KR 3A,d29
KR 3A N,d29
KR 3A1 N,d29
KR 3A2 N,d29
KR 3A3 N,d29
KR 3A4 N,d29
KR 3B,d29
KR 3B N,d29
KR 3C,d29
KR 3C N,d29
KR 3D,d29
KR 3D N,d29
KR 3E N,d29
KR 3E1 N,d29
KR 3F N,d29
KR 4,d29
KR 4 N,d29
KR 40,d29
KR 40 Bis,d29
KR 40A,d29
KR 40B,d29
KR 40C,d29
KR 40D,d29
KR 41,d29
KR 41A,d29
KR 41A1,d29
KR 41B,d29
KR 41C,d29
KR 41D,d29
KR 41D1,d29
KR 41D2,d29
KR 41E,d29
KR 41E1,d29
KR 41E2,d29
KR 41E3,d29
KR 41E4,d29
KR 41F,d29
KR 41G,d29
KR 41H,d29
KR 42,d29
KR 42 Bis,d29
KR 42A,d29
KR 42A Bis,d29
KR 42A1,d29
KR 42B,d29
KR 42B Bis,d29
KR 42C,d29
KR 42C1,d29
KR 42C2,d29
KR 42D,d29
KR 42D1,d29
KR 43,d29
KR 43A,d29
KR 43A Bis,d29
KR 43B,d29
KR 43C,d29
KR 44,d29
KR 44A,d29
KR 45,d29
KR 45 Bis,d29
KR 45A,d29
KR 45B,d29
KR 46,d29
KR 46 Bis,d29
KR 46A,d29
KR 46B,d29
KR 46C,d29
KR 46D,d29
KR 46E,d29
KR 47,d29
KR 47A,d29
KR 47B,d29
KR 47C,d29
KR 47D,d29
KR 48,d29
KR 48 Bis,d29
KR 48A,d29
KR 48B,d29
KR 48C,d29
KR 49,d29
KR 49 Bis,d29
KR 49A,d29
KR 49B,d29
KR 49B Bis,d29
KR 49C,d29
KR 49D,d29
KR 49E,d29
KR 49F,d29
KR 49G,d29
KR 49H,d29
KR 49I,d29
KR 49J,d29
KR 49K,d29
KR 4A,d29
KR 4A Bis,d29
KR 4A N,d29
KR 4B,d29
KR 4B N,d29
KR 4C,d29
KR 4C N,d29
KR 4C1,d29
KR 4C2,d29
KR 4D,d29
KR 4D Bis,d29
KR 4D1,d29
KR 4E,d29
KR 4E Bis,d29
KR 4F,d29
KR 4G,d29
KR 5,d29
KR 5 N,d29
KR 50,d29
KR 50A,d29
KR 50B,d29
KR 50C,d29
KR 50D,d29
KR 50E,d29
KR 50F,d29
KR 50G,d29
KR 51,d29
KR 51A,d29
KR 51B,d29
KR 51D,d29
KR 52,d29
KR 52A,d29
KR 52B,d29
KR 52C,d29
KR 53,d29
KR 53 Bis,d29
KR 53A,d29
KR 53B,d29
KR 53B Bis,d29
KR 53C,d29
KR 53D,d29
KR 53D Bis,d29
KR 53E,d29
KR 53F,d29
KR 53F Bis,d29
KR 53F1,d29
KR 53G,d29
KR 53I,d29
KR 54,d29
KR 54A,d29
KR 54B,d29
KR 54C,d29
KR 54D,d29
KR 54E,d29
KR 55,d29
KR 55A,d29
KR 55B,d29
KR 56,d29
KR 56A,d29
KR 57,d29
KR 57A,d29
KR 57B,d29
KR 57C,d29
KR 58,d29
KR 59,d29
KR 59A,d29
KR 5A,d29
KR 5A N,d29
KR 5B,d29
KR 5C,d29
KR 6,d29
KR 6 N,d29
KR 60,d29
KR 60A,d29
KR 61,d29
KR 61A,d29
KR 61A Bis,d29
KR 62,d29
KR 62 Bis,d29
KR 62A,d29
KR 62B,d29
KR 62C,d29
KR 63,d29
KR 63 Bis,d29
KR 63A,d29
KR 63B,d29
KR 64,d29
KR 64A,d29
KR 64B,d29
KR 65,d29
KR 65A,d29
KR 65B,d29
KR 65C,d29
KR 65D,d29
KR 66,d29
KR 66A,d29
KR 66B,d29
KR 66C,d29
KR 66D,d29
KR 67,d29
KR 67A,d29
KR 67B,d29
KR 68,d29
KR 68A,d29
KR 68B,d29
KR 68C,d29
KR 69,d29
KR 69A,d29
KR 69B,d29
KR 69C,d29
KR 6A,d29
KR 6B,d29
KR 6C,d29
KR 7,d29
KR 7 Bis,d29
KR 7 N,d29
KR 70,d29
KR 70A,d29
KR 70B,d29
KR 71,d29
KR 71A,d29
KR 72,d29
KR 72 Bis,d29
KR 72A,d29
KR 73,d29
KR 73A,d29
KR 73B,d29
KR 73B Bis,d29
KR 73C,d29
KR 73D,d29
KR 73D Bis,d29
KR 73D1,d29
KR 74,d29
KR 74 Bis,d29
KR 74A,d29
KR 74B,d29
KR 74C,d29
KR 74D,d29
KR 74E,d29
KR 74E Bis,d29
KR 74F,d29
KR 74G,d29
KR 75,d29
KR 75A,d29
KR 76,d29
KR 76A,d29
KR 76B,d29
KR 76B Bis,d29
KR 76C,d29
KR 77,d29
KR 77A,d29
KR 78,d29
KR 78A,d29
KR 78B,d29
KR 79,d29
KR 79A,d29
KR 79B,d29
KR 7A,d29
KR 7A Bis,d29
KR 7A N,d29
KR 7B,d29
KR 7B Bis,d29
KR 7C,d29
KR 7C Bis,d29
KR 7D,d29
KR 7D Bis,d29
KR 7D1,d29
KR 7D2,d29
KR 7D3,d29
KR 7E,d29
KR 7E Bis,d29
KR 7F,d29
KR 7F Bis,d29
KR 7G,d29
KR 7G Bis,d29
KR 7H,d29
KR 7H Bis,d29
KR 7J,d29
KR 7J Bis,d29
KR 7L,d29
KR 7L Bis,d29
KR 7M,d29
KR 7M Bis,d29
KR 7N,d29
KR 7N Bis,d29
KR 7P,d29
KR 7P Bis,d29
KR 7R,d29
KR 7R Bis,d29
KR 7S,d29
KR 7S Bis,d29
KR 7T,d29
KR 7T Bis,d29
KR 7T1,d29
KR 7T2,d29
KR 7TB1,d29
KR 7U,d29
KR 7U Bis,d29
KR 7U1,d29
KR 7U2,d29
KR 7V,d29
KR 7V Bis,d29
KR 8,d29
KR 8 N,d29
KR 80,d29
KR 80A,d29
KR 80B,d29
KR 80C,d29
KR 81,d29
KR 81A,d29
KR 81B,d29
KR 82,d29
KR 82 Bis,d29
KR 82A,d29
KR 82B,d29
KR 82D,d29
KR 82E,d29
KR 82F,d29
KR 82G,d29
KR 83,d29
KR 83 Bis,d29
KR 83A,d29
KR 83B,d29
KR 83B1,d29
KR 83B2,d29
KR 83C,d29
KR 83C2,d29
KR 83D,d29
KR 83E,d29
KR 83F,d29
KR 84,d29
KR 84A,d29
KR 85,d29
KR 85A,d29
KR 85B,d29
KR 85C,d29
KR 85D,d29
KR 85E,d29
KR 86,d29
KR 86A,d29
KR 87,d29
KR 88,d29
KR 89,d29
KR 89A,d29
KR 8A,d29
KR 8A N,d29
KR 8B,d29
KR 8B N,d29
KR 8C,d29
KR 8C N,d29
KR 8D,d29
KR 9,d29
KR 9 N,d29
KR 90,d29
KR 91,d29
KR 91A,d29
KR 92,d29
KR 92A,d29
KR 92A O,d29
KR 93,d29
KR 93 Bis,d29
KR 93A,d29
KR 93A Bis,d29
KR 93B,d29
KR 93C,d29
KR 93D,d29
KR 93E,d29
KR 94,d29
KR 94 1,d29
KR 94 2,d29
KR 94A,d29
KR 94A1,d29
KR 94A2,d29
KR 94B,d29
KR 94B1,d29
KR 94C,d29
KR 94C Bis,d29
KR 94D,d29
KR 94D1,d29
KR 94D2,d29
KR 95,d29
KR 95A,d29
KR 95B,d29
KR 96,d29
KR 96A,d29
KR 97,d29
KR 97A,d29
KR 98,d29
KR 98A,d29
KR 98B,d29
KR 99,d29
KR 9A,d29
KR 9A N,d29
KR 9B,d29
KR 9B N,d29
PJ,d29
PJ 7C,d29
PJ 7C Bis,d29
PJ 7D,d29
PJ 7D Bis,d29
PJ 7D1,d29
PJ 7E,d29
PJ 7E Bis,d29
PJ 7F,d29
PJ 7F Bis,d29
PJ 7F1,d29
PJ 7J,d29
PJ 7J Bis,d29
TV 10,d29
TV 103,d29
TV 104,d29
TV 104A,d29
TV 105,d29
TV 105 Bis,d29
TV 105A,d29
TV 105B,d29
TV 11,d29
TV 11 O,d29
TV 15,d29
TV 19,d29
TV 25,d29
TV 25A,d29
TV 25B,d29
TV 25C,d29
TV 25D,d29
TV 25E,d29
TV 25F,d29
TV 26,d29
TV 26I,d29
TV 26J,d29
TV 26K,d29
TV 27,d29
TV 27A,d29
TV 28,d29
TV 28A,d29
TV 28E,d29
TV 28F,d29
TV 28G,d29
TV 28H,d29
TV 28I,d29
TV 28J,d29
TV 29,d29
TV 2A,d29
TV 2A Bis,d29
TV 2B,d29
TV 3 O,d29
TV 30,d29
TV 31,d29
TV 33G,d29
TV 33H,d29
TV 34,d29
TV 4 O,d29
TV 5,d29
TV 54,d29
TV 72A,d29
TV 72B,d29
TV 72F,d29
TV 72F1,d29
TV 72F2,d29
TV 72F3,d29
TV 72F4,d29
TV 72S,d29
TV 72S1,d29
TV 72T,d29
TV 72U,d29
TV 72V,d29
TV 72V Bis,d29
TV 72W,d29
TV 73,d29
TV 73A,d29
TV 77,d29
TV 8,d29
TV 80,d29
TV 82,d29
TV 83,d29
TV 87,d29
TV 93,d29
TV 94,d29
TV 96,d29
TV 9B,d29
Viaducto,d29
,d29
